Groupby Taxa	Phylum	Class	Order	Family	Subfamily	Tribe	Genus	Species	Process ID Count	Process ID CSV
Lepidoptera	Arthropoda	Insecta	Lepidoptera	Crambidae	Scopariinae		Scoparia	Scoparia biplagialis	39	CNTID3468-15,CNTID3492-15,CNPPJ1461-12,CNROJ049-13,CNRVE2222-15,CNRVE287-15,CNRVE2237-15,CNGUM019-15,CNYOC1763-15,CNYOK1179-15,CNSLC419-12,CNSLC421-12,CNSLN424-13,CNSLD234-12,CNSLD240-12,CNSLD247-12,CNSLD248-12,CNSLE010-12,CNSLI022-12,CNSLI023-12,CNSLI269-12,CNSLI272-12,CNSLI273-12,CNSLI275-12,CNSLI276-12,CNSLI278-12,CNSLI282-12,CNSLI283-12,CNSLI284-12,CNSLI286-12,CNSLI288-12,CNSLI291-12,CNSLT018-13,CNSLJ126-12,CNPAD960-13,CNPAD962-13,CNPAD964-13,CNPAD978-13,CNBAC005-12
Lepidoptera	Arthropoda	Insecta	Lepidoptera	Gelechiidae	Gelechiinae		Neotelphusa	Neotelphusa querciella	7	CNSID2440-15,CNSID211-15,CNSID402-15,CNSID389-15,CNSID496-15,CNSIE1576-15,CNSIE258-15
Lepidoptera	Arthropoda	Insecta	Lepidoptera	Crambidae	Scopariinae		Scoparia	Scoparia penumbralis	16	CNTNE098-14,CNGME2240-14,CNGME2138-14,CNGMF1699-14,CNFDN188-14,CNFDN215-14,CNFDF708-14,CNFDF612-14,CNFDF682-14,CNSLD249-12,CNBPD667-13,CNBPD678-13,CNBPD679-13,CNBPD742-13,CNBPN616-13,CNBPE699-13
Lepidoptera	Arthropoda	Insecta	Lepidoptera	Gracillariidae	Phyllocnistinae		Phyllocnistis	Phyllocnistis populiella	31	CNWLA054-12,CNWLB058-12,CNWLF202-12,CNRVA2339-15,CNRVG2694-15,CNJAA030-12,CNJAA031-12,CNJAA037-12,CNJAA040-12,CNJAA045-12,CNJAA048-12,CNJAA049-12,CNJAA050-12,CNJAA052-12,CNJAA054-12,CNJAA055-12,CNJAA062-12,CNJAA067-12,CNJAB009-12,CNJAB011-12,CNJAB012-12,CNJAB028-12,CNJAC960-12,CNJAC962-12,CNJAF1522-12,CNYOB628-15,CNYOB625-15,CNPAM637-13,CNPAE484-13,CNPAF953-13,CNWBE555-13
Lepidoptera	Arthropoda	Insecta	Lepidoptera	Gracillariidae	Gracillariinae		Micrurapteryx	Micrurapteryx salicifoliella	30	CNRMA192-12,CNRMA203-12,CNRMA252-12,CNRMA255-12,CNRMA270-12,CNRMA313-12,CNRMA333-12,CNRMA346-12,CNRMA351-12,CNRMA353-12,CNRMA376-12,CNRMA478-12,CNRMA484-12,CNRMA509-12,CNRMA510-12,CNRMA525-12,CNRMA528-12,CNRMA555-12,CNRMC1370-12,CNRMG818-12,CNRMG819-12,CNPAA269-13,CNPAA004-13,CNPAA012-13,CNPAB322-13,CNPAB328-13,CNPAB345-13,CNPAB348-13,CNWBE526-13,CNWBE543-13
Lepidoptera	Arthropoda	Insecta	Lepidoptera	Geometridae	Ennominae		Lambdina	Lambdina fiscellaria	29	CNLMD1693-14,CNKJK1956-14,CNFDM484-14,CNFDM482-14,CNFDM481-14,CNFDM479-14,CNFDM478-14,CNFDM476-14,CNFDN312-14,CNFDN310-14,CNFDJ140-14,CNFDJ181-14,CNFDJ178-14,CNSLD279-12,CNSLG078-12,CNBPC239-12,CNBPC240-12,CNBPC241-12,CNBPC243-12,CNBPD634-12,CNBPD643-12,CNBPG503-13,CNBPG504-13,CNBPI572-13,CNBPJ289-13,CNBPJ292-13,CNBPJ293-13,CNBPJ294-13,CNBPJ295-13
Lepidoptera	Arthropoda	Insecta	Lepidoptera	Erebidae	Hypenodinae		Hypenodes	Hypenodes n. sp. 4	30	CNKJM1920-14,CNRME2760-12,CNRME2832-12,CNRME2932-12,CNRME2983-12,CNRME2991-12,CNRME3012-12,CNRME3014-12,CNRME3015-12,CNRME3024-12,CNRME5143-12,CNRMF2892-12,CNRMF3889-12,CNRMF3890-12,CNRMF3902-12,CNRMF3909-12,CNRMF3910-12,CNRMF3911-12,CNRMF3912-12,CNRMF3915-12,CNRMF3920-12,CNRMF3930-12,CNPAD965-13,CNPAD968-13,CNPAD975-13,CNPAM631-13,CNPAE500-13,CNPAE501-13,CNPAE506-13,CNPAE510-13
Lepidoptera	Arthropoda	Insecta	Lepidoptera	Tortricidae	Olethreutinae		Notocelia	Notocelia culminana	16	CNWLF310-12,CNWLF2031-12,CNSIE044-15,CNSIE1622-15,CNSIE1589-15,CNSIE1590-15,CNSIE032-15,CNSIE017-15,CNSIE029-15,CNSIE028-15,CNSIE123-15,CNSIE125-15,CNSIE124-15,CNSIE121-15,CNSIE114-15,CNSIF130-15
Lepidoptera	Arthropoda	Insecta	Lepidoptera	Gelechiidae	Gelechiinae		Bryotropha	Bryotropha gemella	18	CNKJM2363-14,CNSLB448-12,CNSLC427-12,CNSLC430-12,CNSLD241-12,CNSLD243-12,CNSLD244-12,CNSLD245-12,CNSLD253-12,CNSLD254-12,CNSLD255-12,CNSLD258-12,CNSLD267-12,CNSLD269-12,CNSLO859-13,CNPAD971-13,CNPAD990-13,CNBPE692-13
Lepidoptera	Arthropoda	Insecta	Lepidoptera	Psychidae	Naryciinae		Dahlica	Dahlica lichenella	30	CNGMI1306-14,CNGMJ593-14,CNFDR526-14,CNFDR524-14,CNBRP1735-14,CNGII553-13,CNGIJ422-13,CNGIJ630-13,CNGIE233-12,CNGIE235-12,CNGIL033-13,CNGIL045-13,CNGIF001-12,CNGIF008-12,CNGIF012-12,CNGIF016-12,CNGIF018-12,CNGIF022-12,CNGIF024-12,CNGIF027-12,CNGIF028-12,CNGIF029-12,CNGIF030-12,CNGIF032-12,CNGIM030-13,CNGIM050-13,CNGIM059-13,CNGIM025-13,CNGIN552-13,CNGIN569-13
Lepidoptera	Arthropoda	Insecta	Lepidoptera	Gelechiidae	Dichomeridinae		Dichomeris	Dichomeris punctipennella	30	CNRMF2535-12,CNFDG374-14,CNFDG365-14,CNFDG371-14,CNFDR529-14,CNFDR527-14,CNSLD274-12,CNSLO874-13,CNSLO864-13,CNSLE027-12,CNSLE040-12,CNSLE397-12,CNSLE417-12,CNSLE458-12,CNSLE462-12,CNSLE471-12,CNSLP108-13,CNSLF031-12,CNSLF035-12,CNSLF056-12,CNSLF434-12,CNSLF470-12,CNSLF495-12,CNSLF517-12,CNSLF688-12,CNSLF702-12,CNSLF706-12,CNSLQ175-13,CNSLQ185-13,CNSLG147-12
Lepidoptera	Arthropoda	Insecta	Lepidoptera	Crambidae	Crambinae		Agriphila	Agriphila ruricolellus	12	CNTIH3551-15,CNPPJ893-12,CNPPJ894-12,CNPPJ1458-12,CNPPJ1459-12,CNPPJ1460-12,CNPPJ1462-12,CNPPJ1463-12,CNPPJ1465-12,CNPPJ1467-12,CNSIF133-15,CNJAF2184-12
Lepidoptera	Arthropoda	Insecta	Lepidoptera	Gelechiidae	Gelechiinae		Bryotropha	Bryotropha similis	30	CNWLE1919-12,CNWLE1921-12,CNWLE1927-12,CNWLE1928-12,CNWLE1930-12,CNWLE1939-12,CNWLE1940-12,CNWLE1941-12,CNWLE1946-12,CNWLE1791-12,CNWLE026-12,CNWLF193-12,CNWLF195-12,CNWLF206-12,CNWLF209-12,CNWLF332-12,CNWLG033-12,CNWLG047-12,CNJAC959-12,CNJAC964-12,CNJAD1951-12,CNJAD1953-12,CNJAE796-12,CNWBH096-13,CNWBH111-13,CNWBG2283-13,CNWBH118-13,CNWBH091-13,CNWBH094-13,CNWBG2296-13
Lepidoptera	Arthropoda	Insecta	Lepidoptera	Tortricidae	Tortricinae		Choristoneura	Choristoneura conflictana	30	CNKLF2148-15,CNKLF2139-15,CNKLG014-15,CNKLD1890-14,CNWLE2423-12,CNRMA197-12,CNRMA202-12,CNRMA224-12,CNRMA229-12,CNRMA275-12,CNRMA336-12,CNRMA369-12,CNRMC1386-12,CNRMC1495-12,CNRME1836-12,CNRMF2541-12,CNRMF2542-12,CNRMF2546-12,CNRMF2561-12,CNRMF2563-12,CNRMF2862-12,CNPAA046-13,CNPAA048-13,CNPAA050-13,CNPAA051-13,CNPAA052-13,CNPAA053-13,CNPAB335-13,CNPAB338-13,CNPAC663-13
Lepidoptera	Arthropoda	Insecta	Lepidoptera	Erebidae	Herminiinae		Zanclognatha	Zanclognatha jacchusalis	9	CNROH077-13,CNRME1850-12,CNRME4992-12,CNRME5007-12,CNRMF528-12,CNRMF529-12,CNRMF3748-12,CNRMF3755-12,CNBPF456-13
Lepidoptera	Arthropoda	Insecta	Lepidoptera	Coleophoridae	Coleophorinae		Coleophora	Coleophora duplicis group	20	CNPPI1307-12,CNPPI1318-12,CNPPI1321-12,CNPPJ902-12,CNPPJ908-12,CNPPJ911-12,CNPPJ912-12,CNPPJ917-12,CNPPJ920-12,CNPPJ924-12,CNPPJ926-12,CNPPJ927-12,CNPPJ929-12,CNRMF2510-12,CNRMF2517-12,CNJAE738-12,CNJAE745-12,CNJAG1011-12,CNJAG1013-12,CNBAC007-12
Lepidoptera	Arthropoda	Insecta	Lepidoptera	Elachistidae	Elachistinae		Elachista	Elachista illectella	31	CNPPA4013-12,CNPPC805-12,CNPPD2492-12,CNPPD2504-12,CNPPD2507-12,CNPPD2519-12,CNPPE388-12,CNPPE410-12,CNPPE2261-12,CNPPE2268-12,CNPPG856-12,CNPPG862-12,CNPPI1309-12,CNPPI1312-12,CNPPJ899-12,CNPPJ903-12,CNPPJ1741-12,CNPPJ1742-12,CNPPJ1743-12,CNPPJ1745-12,CNWLA031-12,CNWLA045-12,CNWLD320-12,CNRMC1359-12,CNRMC1380-12,CNRMF2871-12,CNJAA043-12,CNJAB025-12,CNSLA292-12,CNSLB411-12,CNGRF477-12
Lepidoptera	Arthropoda	Insecta	Lepidoptera	Tortricidae	Olethreutinae		Olethreutes	Olethreutes glaciana	30	CNWLE1911-12,CNWLE1912-12,CNWLE1922-12,CNWLE1923-12,CNWLE1936-12,CNWLE1937-12,CNWLE1944-12,CNWLE043-12,CNWLE013-12,CNWLF211-12,CNWLF313-12,CNWLF319-12,CNWLF324-12,CNWLF331-12,CNWLF335-12,CNWLF352-12,CNWLF358-12,CNRMD2613-12,CNRME738-12,CNRME2775-12,CNRME2779-12,CNRME2788-12,CNRME2828-12,CNRME2830-12,CNRME2834-12,CNRME3006-12,CNRME3021-12,CNRME5162-12,CNFDO1273-14,CNPAD977-13
Lepidoptera	Arthropoda	Insecta	Lepidoptera	Gelechiidae	Anacampsinae		Anacampsis	Anacampsis conclusella	30	CNPPE390-12,CNPPE395-12,CNPPE417-12,CNPPJ892-12,CNPPJ909-12,CNPPJ910-12,CNRMD2595-12,CNRMD2608-12,CNRME1741-12,CNRME1758-12,CNRME1784-12,CNRME2935-12,CNRME2943-12,CNRME2946-12,CNRME2949-12,CNRME2956-12,CNRME2986-12,CNRME2993-12,CNRME2998-12,CNRME2999-12,CNRME3004-12,CNRME3009-12,CNRME5154-12,CNSLD251-12,CNSLD276-12,CNSLE410-12,CNSLE412-12,CNSLF478-12,CNSLF669-12,CNWBB038-13
Lepidoptera	Arthropoda	Insecta	Lepidoptera	Gelechiidae	Gelechiinae		Coleotechnites	Coleotechnites piceaella	13	CNTID3469-15,CNPPF1400-12,CNMIF1112-14,CNGMF1708-14,CNGMF1701-14,CNRME1777-12,CNFDM475-14,CNFDN308-14,CNJAD1994-12,CNJAD1997-12,CNPAD942-13,CNPAD949-13,CNPAD976-13
Lepidoptera	Arthropoda	Insecta	Lepidoptera	Gelechiidae	Gelechiinae		Carpatolechia	Carpatolechia belangerella	11	CNWAB2408-14,CNWAC2196-14,CNWAC2217-14,CNWAC2223-14,CNWAC2158-14,CNWAC2234-14,CNWAD2641-14,CNKJL1159-14,CNKJL1151-14,CNKJL1167-14,CNRME734-12
Lepidoptera	Arthropoda	Insecta	Lepidoptera	Geometridae	Ennominae		Campaea	Campaea perlata	18	CNGMH808-14,CNGMI1310-14,CNWLE2384-12,CNWLE2500-12,CNWLE2512-12,CNWLE2513-12,CNWLE2514-12,CNWLE2515-12,CNWLF2019-12,CNWLH014-12,CNJAJ007-12,CNSLF460-12,CNSLG077-12,CNPAD1007-13,CNPAF948-13,CNGID204-12,CNGIE393-12,CNGIF036-12
Lepidoptera	Arthropoda	Insecta	Lepidoptera	Noctuidae	Noctuinae		Apamea	Apamea devastator	30	CNWLF2008-12,CNWLG952-12,CNGRD1028-12,CNGRK434-13,CNGRK440-13,CNGRK441-13,CNGRE004-12,CNGRE008-12,CNGRE010-12,CNGRE015-12,CNGRE016-12,CNGRE021-12,CNGRE023-12,CNGRE024-12,CNGRE025-12,CNGRF001-12,CNGRF004-12,CNGRF005-12,CNGRF006-12,CNGRF009-12,CNGRF010-12,CNGRF013-12,CNGRF016-12,CNGRF017-12,CNGRF022-12,CNGRF023-12,CNGRF026-12,CNGRF027-12,CNGRF028-12,CNGRF029-12
Lepidoptera	Arthropoda	Insecta	Lepidoptera	Crambidae	Scopariinae		Scoparia	Scoparia cinereomedia	28	CNKJP1180-14,CNRMF3904-12,CNSLE008-12,CNSLE015-12,CNSLE016-12,CNSLE393-12,CNSLE394-12,CNSLE395-12,CNSLE396-12,CNSLE398-12,CNSLE399-12,CNSLE400-12,CNSLF001-12,CNSLF002-12,CNSLF280-12,CNSLF283-12,CNSLF284-12,CNSLF292-12,CNSLF300-12,CNSLF303-12,CNSLF304-12,CNSLF306-12,CNSLF310-12,CNSLF312-12,CNSLF316-12,CNSLF320-12,CNSLF326-12,CNSLQ176-13
Lepidoptera	Arthropoda	Insecta	Lepidoptera	Geometridae	Larentiinae		Costaconvexa	Costaconvexa centrostrigaria	28	CNPPA2533-12,CNPPA2536-12,CNPPA3929-12,CNPPA3936-12,CNPPA3941-12,CNPPA3946-12,CNPPA3947-12,CNPPA3949-12,CNPPA3953-12,CNPPB1398-12,CNPPB2263-12,CNPPD2361-12,CNPPD2362-12,CNPPE1025-12,CNPPE1026-12,CNPPE1027-12,CNPPE1028-12,CNPPE1044-12,CNPPE1045-12,CNPPE1050-12,CNPPE1055-12,CNPPE1056-12,CNPPE1063-12,CNPPG808-12,CNPPI022-12,CNPPJ1457-12,CNBPD283-12,CNBPD744-13
Lepidoptera	Arthropoda	Insecta	Lepidoptera	Erebidae	Arctiinae	Arctiini	Hyphantria	Hyphantria cunea	30	CNTIH2147-15,CNPPF1470-12,CNPPF1471-12,CNPPF1474-12,CNPPF1476-12,CNPPF1480-12,CNPPG918-12,CNPPH1202-12,CNPPH1203-12,CNPPH1207-12,CNPPI1862-12,CNPPI1866-12,CNPPI1869-12,CNPPI1872-12,CNPPI1873-12,CNPPI1875-12,CNPPI1881-12,CNPPI1882-12,CNPPI1883-12,CNPPI1884-12,CNPPI1886-12,CNPPI1887-12,CNPPI1888-12,CNPPI1892-12,CNPPI1894-12,CNPPI1895-12,CNPPI1897-12,CNPPJ1375-12,CNROJ038-13,CNRGH038-15
Lepidoptera	Arthropoda	Insecta	Lepidoptera	Gelechiidae	Gelechiinae		Glauce	Glauce pectenalaeella	24	CNRMF2512-12,CNRMF2863-12,CNSID381-15,CNSIE1596-15,CNSLD264-12,CNSLD275-12,CNSLD278-12,CNSLO854-13,CNSLE026-12,CNSLE028-12,CNSLE087-12,CNSLE407-12,CNSLE408-12,CNSLE454-12,CNSLE477-12,CNSLE478-12,CNSLF435-12,CNSLF446-12,CNSLF455-12,CNSLF484-12,CNSLF521-12,CNSLF670-12,CNSLF671-12,CNSLF711-12
Lepidoptera	Arthropoda	Insecta	Lepidoptera	Tortricidae	Tortricinae		Aethes	Aethes biscana	8	CNFNG1315-14,CNFNT2113-14,CNFNH137-14,CNFNH139-14,CNFNH061-14,CNFNU116-14,CNFNU119-14,CNFNU121-14
Lepidoptera	Arthropoda	Insecta	Lepidoptera	Plutellidae	Plutellinae		Plutella	Plutella xylostella	27	CNPPC1850-12,CNWLD300-12,CNWLG045-12,CNWLG055-12,CNWLG059-12,CNWLH012-12,CNRMA968-12,CNRMA969-12,CNRMA971-12,CNRMA974-12,CNRMA979-12,CNRMA980-12,CNRMA981-12,CNRMA983-12,CNRMH453-13,CNJAA017-12,CNJAA018-12,CNJAA021-12,CNJAA023-12,CNJAB069-12,CNJAF2157-12,CNWBH116-13,CNWBH115-13,CNGRD1060-12,CNGRD1062-12,CNGRF463-12,CNGRF471-12
Lepidoptera	Arthropoda	Insecta	Lepidoptera	Gelechiidae	Gelechiinae		Aristotelia	Aristotelia rubidella	31	CNPPC1878-12,CNPPC1883-12,CNPPC1889-12,CNPPC1896-12,CNPPD2496-12,CNPPD2501-12,CNPPE397-12,CNPPE407-12,CNPPE414-12,CNPPH1082-12,CNPPH1090-12,CNPPH1091-12,CNPPH1093-12,CNPPH1094-12,CNPPH1095-12,CNPPH1096-12,CNPPH1098-12,CNPPH1099-12,CNPPH1100-12,CNPPI1299-12,CNPPI1302-12,CNPPI1305-12,CNPPI1308-12,CNPPI1310-12,CNPPI1311-12,CNPPI1316-12,CNPPJ905-12,CNWLF212-12,CNWLF214-12,CNWBH126-13,CNWBH135-13
Lepidoptera	Arthropoda	Insecta	Lepidoptera	Geometridae	Ennominae		Speranza	Speranza loricaria	29	CNWLA050-12,CNWLE2394-12,CNWLE2420-12,CNWLE2422-12,CNWLE2506-12,CNWLE2508-12,CNWLE2509-12,CNWLE2518-12,CNWLF2011-12,CNRMA276-12,CNRME045-12,CNRME728-12,CNRME1800-12,CNRME1801-12,CNRME1823-12,CNRME1838-12,CNRME1839-12,CNRME1842-12,CNRMF526-12,CNPAA036-13,CNPAA044-13,CNPAD993-13,CNPAD994-13,CNPAD999-13,CNPAD1002-13,CNPAD1003-13,CNPAD1004-13,CNPAD1005-13,CNPAD1006-13
Lepidoptera	Arthropoda	Insecta	Lepidoptera	Gelechiidae	Gelechiinae		Chionodes	Chionodes mediofuscella	27	CNWLA037-12,CNWLB028-12,CNWLB030-12,CNWLB031-12,CNWLD301-12,CNWLD306-12,CNRMB121-12,CNRMC1389-12,CNRMC1497-12,CNRMC1498-12,CNRMC1499-12,CNRMC1500-12,CNRMC1502-12,CNRMC1503-12,CNRMC1504-12,CNRMC1505-12,CNRMC1506-12,CNRMC1507-12,CNRMD524-12,CNRMD527-12,CNRMD541-12,CNRMD552-12,CNRMD2612-12,CNRME1751-12,CNRME3002-12,CNRME3013-12,CNGIA103-12
Lepidoptera	Arthropoda	Insecta	Lepidoptera	Psychidae	Psychinae		Psyche	Psyche casta	14	CNTIB1719-15,CNKJQ912-14,CNPPC1904-12,CNPPC1906-12,CNROE1252-13,CNSLB449-12,CNSLM004-13,CNSLC525-12,CNSLC526-12,CNSLC527-12,CNSLC528-12,CNSLN002-13,CNSLN001-13,CNSLO853-13
Lepidoptera	Arthropoda	Insecta	Lepidoptera	Tortricidae	Tortricinae		Acleris	Acleris variana	12	CNTNI060-14,CNRMG820-12,CNJAG1149-12,CNJAG1153-12,CNJAH019-12,CNJAH021-12,CNJAI022-12,CNJAI023-12,CNJAI024-12,CNJAI028-12,CNJAI030-12,CNJAJ037-12
Lepidoptera	Arthropoda	Insecta	Lepidoptera	Gelechiidae	Gelechiinae		Aristotelia	Aristotelia roseosuffusella	17	CNWBH088-13,CNWBH125-13,CNWBH104-13,CNWBG2300-13,CNWBH097-13,CNWBH128-13,CNWBH098-13,CNWBH105-13,CNWBH121-13,CNWBG022-13,CNWBC020-13,CNWBC012-13,CNWBC019-13,CNWBC010-13,CNWBH1176-13,CNWBD010-13,CNWBD007-13
Lepidoptera	Arthropoda	Insecta	Lepidoptera	Crambidae	Scopariinae		Eudonia	Eudonia heterosalis	11	CNSLF003-12,CNSLF276-12,CNSLF296-12,CNSLF297-12,CNSLF308-12,CNSLF309-12,CNSLF317-12,CNSLF322-12,CNSLF327-12,CNSLQ180-13,CNSLG086-12
Lepidoptera	Arthropoda	Insecta	Lepidoptera	Blastobasidae	Blastobasinae		Hypatopa	Hypatopa simplicella	17	CNLMO2454-14,CNRMD532-12,CNRMD550-12,CNRMD2423-12,CNRMD2425-12,CNRMD2594-12,CNRMD2619-12,CNRME722-12,CNRME742-12,CNRME2757-12,CNRME2824-12,CNRME2826-12,CNRME2936-12,CNRME3000-12,CNRME3019-12,CNRME3025-12,CNWBB058-13
Lepidoptera	Arthropoda	Insecta	Lepidoptera	Crambidae	Crambinae		Crambus	Crambus albellus	10	CNSLO163-13,CNSLE012-12,CNSLE387-12,CNSLE405-12,CNSLE406-12,CNSLF281-12,CNSLF289-12,CNSLF290-12,CNSLF311-12,CNSLF323-12
Lepidoptera	Arthropoda	Insecta	Lepidoptera	Gelechiidae	Gelechiinae		Bryotropha	Bryotropha plantariella	14	CNJAE792-12,CNJAE794-12,CNJAF1511-12,CNJAF1512-12,CNJAF1518-12,CNJAF1526-12,CNJAF1527-12,CNJAF1529-12,CNJAF1530-12,CNJAF1531-12,CNJAF1532-12,CNJAF1535-12,CNJAG1016-12,CNWBH120-13
Lepidoptera	Arthropoda	Insecta	Lepidoptera	Argyresthiidae	Argyresthiinae		Argyresthia	Argyresthia oreasella	11	CNWLF204-12,CNWLF217-12,CNWLG029-12,CNWLG031-12,CNWLG038-12,CNWLG039-12,CNWLG048-12,CNRMF2505-12,CNRMF2509-12,CNRMF2523-12,CNRMF2534-12

Hymenoptera	Arthropoda	Insecta	Hymenoptera	Braconidae	Microgastrinae		Cotesia	Cotesia xylina	30	CNFNR2800-14,CNTIC5610-15,CNNHC2669-14,CNWLD439-12,CNWLD483-12,CNRMD2245-12,CNRMD2258-12,CNRMD1321-12,CNRMD1382-12,CNRMD1397-12,CNRMD1409-12,CNRME2601-12,CNRME2641-12,CNRME249-12,CNRME252-12,CNRME301-12,CNRME850-12,CNRME898-12,CNRME3512-12,CNRMF2674-12,CNJAB315-12,CNJAC323-12,CNJAC562-12,CNJAF978-12,CNJAF1112-12,CNJAG657-12,CNJAG671-12,CNJAG803-12,CNJAG870-12,CNPAG098-13
Hymenoptera	Arthropoda	Insecta	Hymenoptera	Mymaridae			Ooctonus	Ooctonus notatus	22	CNSID4232-15,CNSID3547-15,CNSID1854-15,CNSID1826-15,CNSID2956-15,CNSID3661-15,CNSID978-15,CNSID917-15,CNSIF751-15,CNSIF514-15,CNSIF438-15,CNSIF744-15,CNSIF415-15,CNSIF422-15,CNSIF700-15,CNSIF712-15,CNSIF511-15,CNSIF778-15,CNSIF717-15,CNSIF515-15,CNSIF777-15,CNSIF407-15
Hymenoptera	Arthropoda	Insecta	Hymenoptera	Formicidae	Formicinae		Camponotus	Camponotus herculeanus	31	CNFNP154-14,CNFNP155-14,CNFNR3149-14,CNKLB531-14,CNNHA049-14,CNNHA050-14,CNWLK024-13,CNWLE1883-12,CNWLE1891-12,CNWLE1896-12,CNWLE1900-12,CNWLF254-12,CNWLJ006-12,CNRMA933-12,CNRMA936-12,CNRMC1099-12,CNRME2271-12,CNRME926-12,CNRMF001-12,CNRMF1686-12,CNRMF1697-12,CNRMF1720-12,CNJAD2027-12,CNJAG1136-12,CNBPB550-12,CNBPB551-12,CNBPE362-12,CNBPE363-12,CNBPF336-12,CNBPG522-13,CNWBG2066-13
Hymenoptera	Arthropoda	Insecta	Hymenoptera	Formicidae	Formicinae		Lasius	Lasius alienus	17	CNKJM1753-14,CNKJM1759-14,CNKJM1784-14,CNKJM1994-14,CNKJM2043-14,CNKJM2004-14,CNKJM2044-14,CNKJO263-14,CNBRN287-14,CNBRR338-14,CNBRR321-14,CNBRR342-14,CNSLD049-12,CNSLI088-12,CNSLI093-12,CNSLJ170-12,CNBPP006-13
Hymenoptera	Arthropoda	Insecta	Hymenoptera	Formicidae	Formicinae		Formica	Formica neorufibarbis	30	CNWLD249-12,CNWLE1878-12,CNWLF259-12,CNWLG167-12,CNJAA198-12,CNJAC1048-12,CNJAC1235-12,CNJAC1241-12,CNJAC1262-12,CNJAD1054-12,CNJAD1463-12,CNJAD1468-12,CNJAD2235-12,CNJAD2244-12,CNJAD2594-12,CNJAD2595-12,CNJAD2605-12,CNJAD2616-12,CNJAD2617-12,CNJAE1200-12,CNJAE1211-12,CNJAF449-12,CNJAF1136-12,CNJAF1164-12,CNJAF1319-12,CNJAF1353-12,CNJAF1643-12,CNJAF2035-12,CNJAG1106-12,CNJAG1448-12
Hymenoptera	Arthropoda	Insecta	Hymenoptera	Ichneumonidae	Pimplinae		Pimpla	Pimpla pedalis	30	CNFNU140-14,CNWLF1968-12,CNWLH487-12,CNWLI335-12,CNRMC1251-12,CNRME072-12,CNRME418-12,CNRME780-12,CNRME787-12,CNRME1873-12,CNRMF010-12,CNRMF558-12,CNRMF563-12,CNRMF3756-12,CNRMG785-12,CNSLB440-12,CNSLE359-12,CNSLE361-12,CNSLF953-12,CNSLF956-12,CNSLG309-12,CNPAC570-13,CNPAC574-13,CNPAC581-13,CNPAD895-13,CNPAF1026-13,CNPAH460-13,CNBPC202-12,CNWBH1361-13,CNWBD638-13
Hymenoptera	Arthropoda	Insecta	Hymenoptera	Trichogrammatidae			Trichogramma	Trichogramma platneri	30	CNPPA3074-12,CNPPC1508-12,CNPPC1536-12,CNROI240-13,CNROJ956-13,CNROJ987-13,CNROJ988-13,CNROJ960-13,CNROJ959-13,CNRME4216-12,CNRMF284-12,CNRMF1168-12,CNRMF1191-12,CNRMF1237-12,CNRMF2751-12,CNRMF2754-12,CNRMF3012-12,CNRMF3602-12,CNRMF3630-12,CNRMH334-12,CNRGO241-15,CNRGO208-15,CNRGO195-15,CNRGO209-15,CNRGO185-15,CNRGO252-15,CNRGO219-15,CNRGO201-15,CNRGO178-15,CNRGT221-15
Hymenoptera	Arthropoda	Insecta	Hymenoptera	Braconidae	Microgastrinae		Microplitis	Microplitis varicolor	29	CNKLB1605-14,CNMIF607-14,CNMIF631-14,CNWLA599-12,CNWLD479-12,CNWLF638-12,CNRMA599-12,CNRMC029-12,CNRME318-12,CNRME830-12,CNRME841-12,CNRME938-12,CNRME4173-12,CNRME4181-12,CNRME4196-12,CNRME4489-12,CNRMF2712-12,CNJAA196-12,CNJAE594-12,CNJAE607-12,CNJAE616-12,CNJAE987-12,CNJAF648-12,CNJAF959-12,CNJAG192-12,CNJAG336-12,CNJAG1444-12,CNJAG1631-12,CNPAD004-13
Hymenoptera	Arthropoda	Insecta	Hymenoptera	Formicidae	Formicinae		Camponotus	Camponotus pennsylvanicus	30	CNTIH2057-15,CNPPD2400-12,CNROL003-13,CNSLB241-12,CNSLB242-12,CNSLB245-12,CNSLC004-12,CNSLC014-12,CNSLC018-12,CNSLC019-12,CNSLC020-12,CNSLC029-12,CNSLC033-12,CNSLD018-12,CNSLD548-12,CNSLD549-12,CNSLE358-12,CNSLE432-12,CNSLF147-12,CNSLF148-12,CNSLF163-12,CNSLG034-12,CNSLG036-12,CNSLG039-12,CNSLG040-12,CNSLG041-12,CNSLG042-12,CNSLH018-12,CNSLH019-12,CNSLH020-12
Hymenoptera	Arthropoda	Insecta	Hymenoptera	Vespidae	Vespinae		Dolichovespula	Dolichovespula maculata	31	CNWLF1992-12,CNWLF1993-12,CNWLG956-12,CNWLG957-12,CNWLH473-12,CNWLH474-12,CNWLH488-12,CNRMC1263-12,CNRMC1265-12,CNRMD355-12,CNRME774-12,CNRME805-12,CNRMF3734-12,CNRMF3735-12,CNRMG004-12,CNSLB443-12,CNSLF954-12,CNSLF955-12,CNPAC568-13,CNPAC569-13,CNPAE469-13,CNPAF930-13,CNPAF932-13,CNPAF1029-13,CNWBB073-13,CNWBG2978-13,CNWBG2981-13,CNWBG2979-13,CNWBC064-13,CNWBC065-13,CNWBH1363-13
Hymenoptera	Arthropoda	Insecta	Hymenoptera	Platygastridae	Scelioninae		Telenomus	Telenomus podisi	5	CNFNH1375-14,CNPPA3117-12,CNPPC1516-12,CNPPF1085-12,CNBRR368-14
Hymenoptera	Arthropoda	Insecta	Hymenoptera	Formicidae	Formicinae		Camponotus	Camponotus nearcticus	21	CNTIC5740-15,CNTIC5650-15,CNTIF3122-15,CNTIG314-15,CNTIG305-15,CNGBK1474-14,CNPPJ1642-12,CNWLA020-12,CNWLA023-12,CNWLA024-12,CNWLL006-13,CNWLL044-13,CNWLL069-13,CNWLD234-12,CNWLD246-12,CNWLD252-12,CNWLM787-13,CNWLF268-12,CNWLI077-12,CNWLJ009-12,CNRMD1396-12
Hymenoptera	Arthropoda	Insecta	Hymenoptera	Braconidae	Microgastrinae		Apanteles	Apanteles ensiger	15	CNTIC5678-15,CNTIF3111-15,CNPPC821-12,CNPPC885-12,CNPPJ1314-12,CNSLE365-12,CNSLH124-12,CNSLI089-12,CNSLI393-12,CNSLI401-12,CNSLI402-12,CNSLJ045-12,CNSLJ175-12,CNSLJ189-12,CNSLK104-12
Hymenoptera	Arthropoda	Insecta	Hymenoptera	Ichneumonidae	Campopleginae		Diadegma	Diadegma insulare	30	CNPPC1473-12,CNWLF296-12,CNWLF501-12,CNWLF717-12,CNWLG131-12,CNWLG138-12,CNWLG139-12,CNWLG140-12,CNWLG155-12,CNWLG650-12,CNWLG680-12,CNWLG695-12,CNWLG706-12,CNWLG778-12,CNWLH043-12,CNWLH051-12,CNWLH056-12,CNWLH057-12,CNWLH064-12,CNWLH068-12,CNWLH097-12,CNWLH105-12,CNWLI057-12,CNWLI060-12,CNWLI065-12,CNWLI070-12,CNWLI071-12,CNWLI074-12,CNJAE988-12,CNWBD568-13
Hymenoptera	Arthropoda	Insecta	Hymenoptera	Vespidae	Vespinae		Dolichovespula	Dolichovespula arenaria	19	CNFNF2424-14,CNFNU137-14,CNWAH6364-15,CNRMC1266-12,CNRMF564-12,CNYOH1184-15,CNBFM071-15,CNWBG3020-13,CNWBG3015-13,CNWBG3036-13,CNWBG3029-13,CNWBG3032-13,CNWBC068-13,CNWBC073-13,CNWBD634-13,CNWBD637-13,CNWBD018-13,CNWBD019-13,CNWBD021-13
Hymenoptera	Arthropoda	Insecta	Hymenoptera	Ichneumonidae	Campopleginae		Dusona	Dusona minor	22	CNTIH2180-15,CNPPD1965-12,CNWLE1880-12,CNWLE1898-12,CNWLE2463-12,CNRMD2129-12,CNRMD2158-12,CNRMD2164-12,CNRMD979-12,CNRMD1020-12,CNRME2274-12,CNRME2276-12,CNRME2287-12,CNRME2305-12,CNRME401-12,CNRME998-12,CNRME4478-12,CNRMF025-12,CNRMF1691-12,CNJAD2577-12,CNYOC054-15,CNPAO465-13
Hymenoptera	Arthropoda	Insecta	Hymenoptera	Ichneumonidae	Pimplinae		Zaglyptus	Zaglyptus varipes	9	CNMIF555-14,CNMIG1307-14,CNWLG125-12,CNRMD2141-12,CNRME2310-12,CNRME2323-12,CNRME347-12,CNRME4481-12,CNBFN210-15
Hymenoptera	Arthropoda	Insecta	Hymenoptera	Formicidae	Dolichoderinae		Tapinoma	Tapinoma sessile	29	CNGSH1575-15,CNFNG936-14,CNFNG1145-14,CNFNG1158-14,CNFNG783-14,CNFNG1165-14,CNFNG961-14,CNFNG944-14,CNFNG727-14,CNGBJ1262-14,CNGBJ1321-14,CNKJM1754-14,CNMID1478-14,CNMIF611-14,CNMIF529-14,CNMIF560-14,CNGRB363-12,CNGRB364-12,CNGRB414-12,CNGRB416-12,CNGRB420-12,CNGRB421-12,CNGRB423-12,CNGRB424-12,CNGRI044-13,CNGRC008-12,CNGRC054-12,CNGRD997-12,CNGRD1172-12
Hymenoptera	Arthropoda	Insecta	Hymenoptera	Apidae	Apinae		Bombus	Bombus vagans	17	CNFNF2401-14,CNFNF2417-14,CNFNF2464-14,CNFNF2431-14,CNFNG1358-14,CNWLE2370-12,CNWLF1977-12,CNWLF2051-12,CNWLG961-12,CNRMC1268-12,CNRMD2432-12,CNRME757-12,CNRME759-12,CNRME796-12,CNRME798-12,CNRMF536-12,CNSLB439-12
Hymenoptera	Arthropoda	Insecta	Hymenoptera	Formicidae	Myrmicinae		Myrmecina	Myrmecina americana	20	CNTIH2087-15,CNKJP443-14,CNKJP511-14,CNKJQ803-14,CNKJR297-14,CNKJR379-14,CNKJR371-14,CNPPI1348-12,CNPPI1350-12,CNPPI1358-12,CNPPI1366-12,CNPPI1371-12,CNPPI1372-12,CNPPI1375-12,CNPPI1381-12,CNSLI079-12,CNSLI082-12,CNSLI092-12,CNSLI403-12,CNSLK110-12
Hymenoptera	Arthropoda	Insecta	Hymenoptera	Tenthredinidae	Nematinae		Pachynematus	Pachynematus vagus	15	CNTIG207-15,CNGBF1635-14,CNNHC033-14,CNRMC1114-12,CNRMC1134-12,CNRMC1155-12,CNRMD1004-12,CNSLD004-12,CNSLH183-12,CNSLI121-12,CNSLI135-12,CNSLI140-12,CNSLI143-12,CNSLI145-12,CNBAI380-13
Hymenoptera	Arthropoda	Insecta	Hymenoptera	Ichneumonidae	Banchinae		Lissonota	Lissonota sexcincta	21	CNPPC1350-12,CNWLE238-12,CNWLF303-12,CNRMA941-12,CNRMF1219-12,CNRMH436-12,CNRMH440-12,CNSLF149-12,CNSLF153-12,CNSLF154-12,CNSLF167-12,CNSLF172-12,CNSLG056-12,CNSLG060-12,CNSLG064-12,CNSLG066-12,CNSLG067-12,CNSLH022-12,CNSLH190-12,CNBPQ461-13,CNBPJ189-13
Hymenoptera	Arthropoda	Insecta	Hymenoptera	Braconidae	Microgastrinae		Diolcogaster	Diolcogaster scotica	30	CNTIC5568-15,CNPPB1821-12,CNPPC860-12,CNPPE488-12,CNPPE499-12,CNPPJ1636-12,CNRMD2156-12,CNRMD1169-12,CNRMD1268-12,CNRMD1364-12,CNRMD1420-12,CNRME2639-12,CNRME2322-12,CNRME2350-12,CNRME2352-12,CNRME959-12,CNRME963-12,CNRME1292-12,CNRME1310-12,CNRME4174-12,CNRME4274-12,CNRME4488-12,CNRME4497-12,CNRMF2701-12,CNRMF2736-12,CNRMF3075-12,CNRMF3565-12,CNJAC040-12,CNJAC547-12,CNJAD1416-12
Hymenoptera	Arthropoda	Insecta	Hymenoptera	Ichneumonidae	Pimplinae		Pimpla	Pimpla aequalis	27	CNTIH2084-15,CNGBG1111-14,CNPPC1298-12,CNPPC1305-12,CNPPC1308-12,CNPPC1309-12,CNPPE1236-12,CNPPE1269-12,CNPPE1280-12,CNPPE1292-12,CNPPE1982-12,CNPPE1994-12,CNPPF002-12,CNPPF187-12,CNPPF203-12,CNSLC035-12,CNSLD009-12,CNSLE431-12,CNSLF159-12,CNSLF161-12,CNSLG050-12,CNSLH173-12,CNSLH177-12,CNSLH327-12,CNSLI120-12,CNSLI123-12,CNSLJ455-12
Hymenoptera	Arthropoda	Insecta	Hymenoptera	Ichneumonidae	Pimplinae		Iseropus	Iseropus stercorator	15	CNFNQ745-14,CNFNQ746-14,CNFNQ762-14,CNFNE1590-14,CNFNE1622-14,CNFNE2683-14,CNFNE2686-14,CNFNE2681-14,CNFNE2685-14,CNFNE2710-14,CNWLN1036-13,CNSID3406-15,CNSID3204-15,CNSID3408-15,CNJAG1118-12
Hymenoptera	Arthropoda	Insecta	Hymenoptera	Vespidae	Vespinae		Vespula	Vespula consobrina	10	CNFNF2463-14,CNWLB552-12,CNWLG964-12,CNWLG967-12,CNRMD393-12,CNRME763-12,CNKTC023-15,CNWBG3005-13,CNWBG3014-13,CNWBC072-13
Hymenoptera	Arthropoda	Insecta	Hymenoptera	Ichneumonidae	Campopleginae		Enytus	Enytus apostata	19	CNWLD283-12,CNWLJ018-12,CNRMC1154-12,CNRMC1158-12,CNRMC1173-12,CNRMD2130-12,CNRMD2136-12,CNRMD2143-12,CNRMD2146-12,CNRMD2150-12,CNRMD2152-12,CNRMD2185-12,CNRMD2198-12,CNRMD949-12,CNRMD1015-12,CNRMD1016-12,CNRMD1039-12,CNRMD1407-12,CNRMF029-12
Hymenoptera	Arthropoda	Insecta	Hymenoptera	Ichneumonidae	Cryptinae		Agrothereutes	Agrothereutes abbreviatus	9	CNTIG212-15,CNLMC452-14,CNGBK1464-14,CNGBK1473-14,CNWLG120-12,CNBRR216-14,CNSLB249-12,CNSLD020-12,CNWBE400-13
Hymenoptera	Arthropoda	Insecta	Hymenoptera	Ichneumonidae	Campopleginae		Phobocampe	Phobocampe bicingulata	11	CNFNG1141-14,CNGBJ1333-14,CNGBK1490-14,CNPPD1530-12,CNPPD1994-12,CNRMD2128-12,CNRMD2132-12,CNRMD1009-12,CNRMF1689-12,CNSLB251-12,CNSLH175-12
Hymenoptera	Arthropoda	Insecta	Hymenoptera	Vespidae	Vespinae		Vespula	Vespula alascensis	12	CNRMC1267-12,CNRMF548-12,CNRMG784-12,CNRMG003-12,CNRMH355-12,CNBRQ026-14,CNPAH458-13,CNWBG3007-13,CNWBG3004-13,CNWBG3035-13,CNWBD635-13,CNWBD020-13
Hymenoptera	Arthropoda	Insecta	Hymenoptera	Tenthredinidae	Tenthredininae		Tenthredo	Tenthredo stricklandi	11	CNFNF2461-14,CNFNF2724-14,CNFNF2425-14,CNLMF055-14,CNWLD881-12,CNRMD2442-12,CNRMD2452-12,CNRME762-12,CNRME808-12,CNRME1864-12,CNRME5018-12

Coleoptera	Arthropoda	Insecta	Coleoptera	Curculionidae	Entiminae		Phyllobius	Phyllobius oblongus	19	CNFNR2985-14,CNFNR3275-14,CNFNR2902-14,CNFNF1047-14,CNFNG1095-14,CNFNG1112-14,CNFNG1109-14,CNFNG908-14,CNFNN535-14,CNROL1121-13,CNBRL373-14,CNBRL419-14,CNBRC377-14,CNBRN262-14,CNBRN254-14,CNBRN274-14,CNBRN266-14,CNSLE336-12,CNSLE347-12
Coleoptera	Arthropoda	Insecta	Coleoptera	Latridiidae	Corticariinae		Cortinicara	Cortinicara gibbosa	30	CNFNO483-14,CNKJA320-14,CNPPA3883-12,CNMID1795-14,CNGMG1797-14,CNWLD339-12,CNWLD646-12,CNRMC1283-12,CNRMC1314-12,CNRMD2565-12,CNRMD2566-12,CNRMD2578-12,CNRME1716-12,CNRME1722-12,CNRME1729-12,CNRMF572-12,CNRMF602-12,CNRMF1779-12,CNRMF1823-12,CNRMF1831-12,CNRMF1833-12,CNRMF1836-12,CNRMF1845-12,CNSID4204-15,CNSIE2141-15,CNSIF649-15,CNSIF653-15,CNWBC434-13,CNWBC437-13,CNWBC440-13
Coleoptera	Arthropoda	Insecta	Coleoptera	Cantharidae	Malthininae		Malthodes	Malthodes fragilis	30	CNFNG1092-14,CNKJM2258-14,CNKJM2246-14,CNMIG2275-14,CNFDH1672-14,CNFDH1674-14,CNFDH1343-14,CNFDH1383-14,CNFDH1394-14,CNFDH1423-14,CNFDH1426-14,CNFDH1469-14,CNFDH1748-14,CNFDH1745-14,CNFDH1730-14,CNFDH1731-14,CNFDN267-14,CNFDH1450-14,CNFDH1624-14,CNFDH1346-14,CNFDH1712-14,CNFDH1677-14,CNFDH1637-14,CNFDH1391-14,CNFDH1664-14,CNFDH1393-14,CNFDH1409-14,CNFDH1743-14,CNFDH1455-14,CNFDH1470-14
Coleoptera	Arthropoda	Insecta	Coleoptera	Curculionidae	Curculioninae		Isochnus	Isochnus sequensi	30	CNFNC804-14,CNFNQ399-14,CNFNE1914-14,CNFNE2474-14,CNFNE2485-14,CNFNE2462-14,CNFNE647-14,CNFNE1061-14,CNFNR2995-14,CNFNG1106-14,CNFNG911-14,CNFNN534-14,CNFNJ246-14,CNFNO528-14,CNFNO509-14,CNFNO525-14,CNFNO536-14,CNFNO512-14,CNFNO531-14,CNFNO532-14,CNFNO519-14,CNFNO526-14,CNFNO557-14,CNFNO564-14,CNFNO588-14,CNFNO587-14,CNFNO568-14,CNFNO585-14,CNFNK048-14,CNFNK035-14
Coleoptera	Arthropoda	Insecta	Coleoptera	Coccinellidae	Coccinellinae		Psyllobora	Psyllobora vigintimaculata	30	CNGIH021-13,CNGIB043-12,CNGIB067-12,CNGIB485-12,CNGIB495-12,CNGIB511-12,CNGII343-13,CNGII025-13,CNGIC123-12,CNGIC136-12,CNGIC137-12,CNGIC196-12,CNGIC210-12,CNGIC216-12,CNGIC234-12,CNGIC237-12,CNGIC266-12,CNGIJ323-13,CNGIJ295-13,CNGID071-12,CNGID074-12,CNGID152-12,CNGID178-12,CNGID195-12,CNGIE274-12,CNGIE290-12,CNGIE314-12,CNGIE315-12,CNGIE105-12,CNGIE289-12
Coleoptera	Arthropoda	Insecta	Coleoptera	Coccinellidae	Coccinellinae		Psyllobora	Psyllobora borealis	30	CNGIA028-12,CNGIB061-12,CNGIB514-12,CNGII289-13,CNGIC114-12,CNGIC135-12,CNGIC151-12,CNGIC191-12,CNGIC197-12,CNGIC202-12,CNGIC218-12,CNGIC227-12,CNGIC228-12,CNGIC233-12,CNGIC235-12,CNGIJ755-13,CNGIJ331-13,CNGIJ334-13,CNGIJ333-13,CNGIJ338-13,CNGIJ314-13,CNGID067-12,CNGID129-12,CNGID166-12,CNGID181-12,CNGID200-12,CNGIE278-12,CNGIE279-12,CNGIE286-12,CNGIE330-12
Coleoptera	Arthropoda	Insecta	Coleoptera	Scraptiidae	Anaspidinae		Anaspis	Anaspis rufa	30	CNPPD2443-12,CNPPD2462-12,CNMIG2292-14,CNMIG2295-14,CNMIG2283-14,CNMIG2294-14,CNMIG2277-14,CNMIG2282-14,CNGMF1633-14,CNGMF1639-14,CNGMF1664-14,CNWLF019-12,CNFDO297-14,CNFDF550-14,CNFDG357-14,CNYOC1387-15,CNBFD764-15,CNBFD757-15,CNBFL1512-15,CNBFL1514-15,CNBPM376-13,CNBPM379-13,CNBPN526-13,CNPRR169-15,CNGIB055-12,CNGIB076-12,CNGIB079-12,CNGIB092-12,CNGIB473-12,CNGIC265-12
Coleoptera	Arthropoda	Insecta	Coleoptera	Curculionidae	Entiminae		Polydrusus	Polydrusus formosus	31	CNFNF2535-14,CNFNF2524-14,CNFNF2538-14,CNFNG1446-14,CNFNG1422-14,CNFNT2305-14,CNFNT2308-14,CNFNT2311-14,CNFNT2302-14,CNFNT2307-14,CNFNT2296-14,CNFNT2315-14,CNFNT2321-14,CNFNT2322-14,CNFNH195-14,CNFNH202-14,CNFNH197-14,CNFNN708-14,CNTID5198-15,CNPPC1815-12,CNPPD2541-12,CNPPD2542-12,CNPPE1479-12,CNPPE1482-12,CNPPE1484-12,CNPPE1506-12,CNPPF1484-12,CNSLD516-12,CNSLD534-12,CNSLE341-12,CNSLF066-12
Coleoptera	Arthropoda	Insecta	Coleoptera	Cantharidae	Malthininae		Malthodes	Malthodes pumilus	30	CNGMF1605-14,CNGMF1614-14,CNGMF1641-14,CNGMF1657-14,CNGMF1667-14,CNGMF1671-14,CNWLD649-12,CNWLD652-12,CNWLE055-12,CNWLE062-12,CNWLE079-12,CNRME1711-12,CNRME1712-12,CNRME5025-12,CNRME5035-12,CNRME5036-12,CNRME5045-12,CNRME5078-12,CNFDE849-14,CNFDO427-14,CNFDF537-14,CNFDF531-14,CNRVB1420-15,CNSLD560-12,CNSLD565-12,CNSLD593-12,CNBPN562-13,CNBPE718-13,CNBPE723-13,CNBPE726-13
Coleoptera	Arthropoda	Insecta	Coleoptera	Staphylinidae	Tachyporinae		Lordithon	Lordithon fungicola	30	CNGMF1659-14,CNGMF1665-14,CNWLG006-12,CNWLH007-12,CNWLI009-12,CNWLJ003-12,CNRMD2532-12,CNRME5219-13,CNFDH035-14,CNKTC1756-15,CNJAC934-12,CNJAC955-12,CNJAD2470-12,CNJAD2478-12,CNJAD2505-12,CNJAD2506-12,CNJAD2507-12,CNJAD2516-12,CNJAE1286-12,CNJAE1291-12,CNJAF2199-12,CNJAF2202-12,CNJAF2206-12,CNJAF2211-12,CNJAF2213-12,CNJAG1159-12,CNPAE402-13,CNPAF480-13,CNPAF482-13,CNBPS001-13
Coleoptera	Arthropoda	Insecta	Coleoptera	Chrysomelidae	Eumolpinae		Paria	Paria fragariae	16	CNTIA1476-15,CNTIB1033-15,CNTIB1022-15,CNTIB1010-15,CNTIB1138-15,CNTIB1137-15,CNTIB1135-15,CNTIC5303-15,CNTIC5794-15,CNTID3576-15,CNTID3719-15,CNTIH2622-15,CNTIH2560-15,CNTIH2628-15,CNPPB2051-12,CNPPB2257-12
Coleoptera	Arthropoda	Insecta	Coleoptera	Nitidulidae	Cryptarchinae		Glischrochilus	Glischrochilus sanguinolentus	19	CNLMA089-14,CNKJM2062-14,CNKJM2259-14,CNKJP1155-14,CNROK1337-13,CNFDF373-14,CNFDJ192-14,CNBRN275-14,CNBRP1654-14,CNBRP1655-14,CNSLA154-12,CNSLA155-12,CNSLA156-12,CNSLL040-13,CNSLL042-13,CNSLF082-12,CNSLG005-12,CNSLG010-12,CNSLJ050-12
Coleoptera	Arthropoda	Insecta	Coleoptera	Scirtidae	Scirtinae		Scirtes	Scirtes tibialis	17	CNTIE1379-15,CNTIF2197-15,CNTIH2634-15,CNPPE1534-12,CNPPF1492-12,CNPPF1493-12,CNPPF1494-12,CNPPF1495-12,CNPPF1515-12,CNPPF1517-12,CNPPF1518-12,CNPPF1519-12,CNPPF1520-12,CNPPF1521-12,CNPPF1522-12,CNPPF1523-12,CNPPF1524-12
Coleoptera	Arthropoda	Insecta	Coleoptera	Chrysomelidae	Eumolpinae		Xanthonia	Xanthonia decemnotata	15	CNGBJ1424-14,CNROA466-13,CNROA461-13,CNROA467-13,CNROA465-13,CNROK1212-13,CNROK1202-13,CNROL884-13,CNROL864-13,CNROL868-13,CNROL876-13,CNROM1046-13,CNROD484-13,CNROE1130-13,CNRGL511-15
Coleoptera	Arthropoda	Insecta	Coleoptera	Throscidae	Throscinae		Trixagus	Trixagus carinicollis	10	CNTIB1104-15,CNTID3809-15,CNGBJ1420-14,CNKJM2191-14,CNROM1035-13,CNBRD920-14,CNBRS163-14,CNRGA620-15,CNRGQ716-15,CNGIB481-12
Coleoptera	Arthropoda	Insecta	Coleoptera	Lampyridae	Lampyrinae		Lucidota	Lucidota atra	32	CNRMD2826-12,CNRME5206-12,CNRME5207-12,CNRME5210-12,CNRMF4125-12,CNBRN860-14,CNSLD518-12,CNSLE322-12,CNSLE325-12,CNSLE326-12,CNSLE328-12,CNSLE329-12,CNSLE330-12,CNSLE335-12,CNSLE435-12,CNSLE437-12,CNBPE002-12,CNBPE004-12,CNBPE005-12,CNBPE006-12,CNBPE007-12,CNBPE008-12,CNBPE760-13,CNBPE763-13,CNBPE764-13,CNBPE765-13,CNBPE766-13,CNBPE768-13,CNBPE769-13,CNBPE770-13,CNBPF120-12,CNBPF121-12
Coleoptera	Arthropoda	Insecta	Coleoptera	Elateridae	Prosterninae		Limonius	Limonius aeger	30	CNRMC1712-13,CNRMC1713-13,CNRMC1715-13,CNRMC1717-13,CNRMC1718-13,CNRMC1720-13,CNRMC1724-13,CNRMC1725-13,CNRMC1728-13,CNRMC1733-13,CNRME5208-12,CNRMF4164-13,CNRMF4169-13,CNJAB1097-12,CNJAB1099-12,CNJAB1101-12,CNJAB1102-12,CNJAC1710-12,CNJAC1712-12,CNJAC1717-12,CNJAC1727-12,CNJAD2494-12,CNJAD2495-12,CNJAD2509-12,CNJAF2198-12,CNJAF2207-12,CNJAF2216-12,CNBPK346-13,CNBPD658-13,CNBPN527-13
Coleoptera	Arthropoda	Insecta	Coleoptera	Scirtidae	Scirtinae		Cyphon	Cyphon variabilis	30	CNTIB1105-15,CNMIG2280-14,CNGME959-14,CNRMF1866-12,CNRMG699-12,CNRMG705-12,CNRMG709-12,CNPAA484-13,CNPAA486-13,CNPAA487-13,CNPAA488-13,CNPAA489-13,CNPAA490-13,CNPAA491-13,CNPAA492-13,CNPAA494-13,CNPAA496-13,CNPAA497-13,CNPAA498-13,CNPAA501-13,CNPAA503-13,CNPAA504-13,CNPAB314-13,CNPAB316-13,CNPAB317-13,CNPAB318-13,CNPAB319-13,CNPAF487-13,CNPAF937-13,CNPAH349-13
Coleoptera	Arthropoda	Insecta	Coleoptera	Elateridae	Elaterinae		Dalopius	Dalopius tristis	31	CNWLB568-12,CNWLB579-12,CNWLB593-12,CNWLB596-12,CNWLB606-12,CNWLB609-12,CNWLB610-12,CNWLB611-12,CNWLB613-12,CNWLB617-12,CNWLB618-12,CNWLB619-12,CNWLB620-12,CNWLB624-12,CNWLB628-12,CNWLB632-12,CNWLB633-12,CNWLB634-12,CNWLB636-12,CNWLC009-12,CNWLC010-12,CNWLD913-12,CNWLD915-12,CNWLD916-12,CNWLD920-12,CNWLD921-12,CNWLD922-12,CNWLD930-12,CNGIE372-12,CNGIE381-12,CNGIE383-12
Coleoptera	Arthropoda	Insecta	Coleoptera	Cleridae	Clerinae		Enoclerus	Enoclerus nigripes	30	CNTIA1461-15,CNROK1364-13,CNROK1352-13,CNROK1340-13,CNROK1342-13,CNROK1345-13,CNROK1347-13,CNSLL032-13,CNSLL030-13,CNSLL027-13,CNSLL019-13,CNSLL026-13,CNSLL020-13,CNSLL028-13,CNSLL029-13,CNSLL022-13,CNSLL023-13,CNSLL033-13,CNSLL031-13,CNSLB260-12,CNSLB266-12,CNSLJ047-12,CNSLJ049-12,CNSLU292-13,CNSLU023-13,CNSLU027-13,CNSLU029-13,CNSLU030-13,CNBPJ176-13,CNBPJ177-13
Coleoptera	Arthropoda	Insecta	Coleoptera	Elateridae	Elaterinae		Agriotes	Agriotes fucosus	15	CNLMA076-14,CNLMC015-14,CNRMC1692-12,CNRMC1693-12,CNRMC1694-12,CNRMD2831-12,CNRMD2832-12,CNRMD2837-12,CNBRL294-14,CNBRN849-14,CNBRO024-14,CNSIB102-15,CNSIB890-15,CNSIB891-15,CNSID029-15
Coleoptera	Arthropoda	Insecta	Coleoptera	Tenebrionidae	Alleculinae		Isomira	Isomira quadristriata	13	CNLMN2086-14,CNFDF372-14,CNSLD522-12,CNSLD524-12,CNSLD527-12,CNSLE338-12,CNBPD659-13,CNBPE677-13,CNBPO515-13,CNBPF115-12,CNBPF116-12,CNBPF118-12,CNBPG501-13
Coleoptera	Arthropoda	Insecta	Coleoptera	Elateridae	Dendrometrinae		Pseudanostirus	Pseudanostirus triundulatus	14	CNFNF2529-14,CNLMA081-14,CNLMA084-14,CNLMC028-14,CNRMA1110-12,CNJAA152-12,CNJAD2512-12,CNJAD2523-12,CNPAB291-13,CNPAE395-13,CNBPD567-12,CNBPD569-12,CNBPD660-13,CNBPE670-13
Coleoptera	Arthropoda	Insecta	Coleoptera	Cerambycidae	Cerambycinae		Clytus	Clytus ruricola	22	CNFNF2804-14,CNFNF2520-14,CNFNF2521-14,CNRMD2828-12,CNRMD2833-12,CNRMD2834-12,CNRMD2835-12,CNRMD2843-12,CNRMD2845-12,CNRMD2846-12,CNSLD493-12,CNSLD494-12,CNSLD506-12,CNSLD507-12,CNSLD617-12,CNPAD207-13,CNPAD210-13,CNPAD211-13,CNPAD213-13,CNPAD215-13,CNPAD216-13,CNBPE761-13
Coleoptera	Arthropoda	Insecta	Coleoptera	Throscidae	Throscinae		Aulonothroscus	Aulonothroscus constrictor	27	CNTIC5272-15,CNLMD1452-14,CNLMN467-14,CNGBJ1353-14,CNKJM2205-14,CNKJM2277-14,CNKJO805-14,CNPPC321-12,CNPPC322-12,CNPPD2457-12,CNFDE701-14,CNFDG359-14,CNFDG356-14,CNBRL744-14,CNBRM709-14,CNBRD885-14,CNSLD581-12,CNSLP241-13,CNSLP219-13,CNSLF115-12,CNSLF114-12,CNSLQ549-13,CNSLQ558-13,CNSLH009-12,CNBPN520-13,CNBPO001-13,CNBPO002-13
Coleoptera	Arthropoda	Insecta	Coleoptera	Ptinidae	Anobiinae		Hadrobregmus	Hadrobregmus notatus	16	CNGBJ1390-14,CNKJD875-14,CNKJM2214-14,CNRGL849-15,CNSLC079-12,CNSLC082-12,CNSLD569-12,CNSLD579-12,CNSLD584-12,CNSLE346-12,CNSLP213-13,CNBPB512-12,CNBPM375-13,CNBPM380-13,CNBPN511-13,CNBPE715-13
Coleoptera	Arthropoda	Insecta	Coleoptera	Latridiidae	Corticariinae		Melanophthalma	Melanophthalma inermis	17	CNPPA3864-12,CNPPA3879-12,CNPPA3885-12,CNPPB442-12,CNPPB2078-12,CNPPB2097-12,CNPPB2106-12,CNPPC335-12,CNPPD2430-12,CNPPD2449-12,CNPPD2465-12,CNPPF1431-12,CNRMF599-12,CNGUD717-15,CNSLJ004-12,CNWBC436-13,CNGIA035-12
Coleoptera	Arthropoda	Insecta	Coleoptera	Curculionidae	Scolytinae		Anisandrus	Anisandrus dispar	12	CNGMF1631-14,CNBRM695-14,CNBRM710-14,CNBRM698-14,CNBRD908-14,CNBRD921-14,CNBRN273-14,CNBRN278-14,CNBRN279-14,CNBRN271-14,CNBRN258-14,CNBRN276-14
Coleoptera	Arthropoda	Insecta	Coleoptera	Latridiidae	Corticariinae		Melanophthalma	Melanophthalma helvola	11	CNGSD9203-15,CNGBD472-13,CNGBN2773-14,CNGMH656-14,CNWLB074-12,CNRMC1290-12,CNRMC1302-12,CNRME5031-12,CNRMF574-12,CNJAG1020-12,CNJAH004-12

Hemiptera	Arthropoda	Insecta	Hemiptera	Aphididae	Chaitophorinae		Chaitophorus	Chaitophorus neglectus	30	CNWLA093-12,CNWLA643-12,CNWLA648-12,CNWLE188-12,CNRMH408-12,CNPAF513-13,CNPAF514-13,CNPAF540-13,CNPAF541-13,CNPAF548-13,CNPAF551-13,CNPAF778-13,CNPAF814-13,CNPAG184-13,CNPAG185-13,CNPAG207-13,CNPAG237-13,CNPAG251-13,CNPAP350-13,CNPAH154-13,CNPAH168-13,CNPAH219-13,CNPAH224-13,CNPAH291-13,CNPAH295-13,CNPAH345-13,CNPAI309-13,CNPAI313-13,CNPAI347-13,CNPAI418-13
Hemiptera	Arthropoda	Insecta	Hemiptera	Cicadellidae	Typhlocybinae		Erythroneura	Erythroneura bakeri	35	CNTII081-15,CNPPA354-12,CNPPA388-12,CNPPA1071-12,CNPPA1096-12,CNPPA1135-12,CNPPA1158-12,CNPPA1356-12,CNPPA1382-12,CNPPA1410-12,CNPPA2680-12,CNPPA2693-12,CNPPA2725-12,CNPPA2852-12,CNPPA2873-12,CNPPA2889-12,CNPPA2932-12,CNPPA2989-12,CNPPA3022-12,CNPPA3274-12,CNPPA3276-12,CNPPA3282-12,CNPPA3306-12,CNPPB991-12,CNPPE1562-12,CNPPE1608-12,CNPPF106-12,CNPPF145-12,CNPPF347-12,CNPPF387-12,CNPPF464-12,CNPPF499-12,CNPPG101-12,CNPPG305-12,CNPPG590-12
Hemiptera	Arthropoda	Insecta	Hemiptera	Cicadellidae	Typhlocybinae		Erythroneura	Erythroneura rubrella	30	CNPPA323-12,CNPPA738-12,CNPPA1392-12,CNPPA1437-12,CNPPA2689-12,CNPPA2874-12,CNPPA2892-12,CNPPA2906-12,CNPPA2950-12,CNPPA3231-12,CNPPA3233-12,CNPPA3249-12,CNPPA3281-12,CNPPB958-12,CNPPB1480-12,CNPPD609-12,CNPPE067-12,CNPPE572-12,CNPPE608-12,CNPPE1537-12,CNPPF128-12,CNPPF784-12,CNPPF933-12,CNPPG039-12,CNPPG337-12,CNPPG372-12,CNPPG520-12,CNPPG584-12,CNPPG600-12,CNROB003-13
Hemiptera	Arthropoda	Insecta	Hemiptera	Cicadellidae	Typhlocybinae		Forcipata	Forcipata acclina	30	CNRMD160-12,CNRMH382-12,CNBFG070-15,CNBFO118-15,CNBPE733-13,CNBAD062-12,CNBAD067-12,CNBAD068-12,CNBAD069-12,CNBAD072-12,CNBAD073-12,CNBAD092-12,CNBAD098-12,CNBAD103-12,CNBAD112-12,CNBAD498-12,CNBAD501-12,CNBAD502-12,CNBAD504-12,CNBAD515-12,CNBAD518-12,CNBAD519-12,CNBAD526-12,CNBAD528-12,CNBAD541-12,CNBAD542-12,CNBAD543-12,CNBAE039-12,CNBAE043-12,CNBAE049-12
Hemiptera	Arthropoda	Insecta	Hemiptera	Cicadellidae	Eurymelinae		Idiocerus	Idiocerus suturalis	32	CNWLA236-12,CNWLA258-12,CNWLA317-12,CNWLA647-12,CNWLA653-12,CNWLB505-12,CNWLB511-12,CNWLB515-12,CNWLD506-12,CNWLD516-12,CNWLD799-12,CNWLD800-12,CNWLD810-12,CNRMB020-12,CNRMB022-12,CNRMB031-12,CNRMC131-12,CNRMC137-12,CNRMC153-12,CNRMC167-12,CNRMC177-12,CNRMC683-12,CNRMC747-12,CNRMC762-12,CNRMC1186-12,CNRMD203-12,CNRMD210-12,CNRMD2505-12,CNRME1208-12,CNRME2853-12,CNRME2878-12,CNPAC629-13
Hemiptera	Arthropoda	Insecta	Hemiptera	Cicadellidae	Typhlocybinae		Dikraneura	Dikraneura mali	28	CNGSI3565-15,CNGBA1044-13,CNGUA403-14,CNGUA386-14,CNGAA043-15,CNGUB524-14,CNGUB533-14,CNGUB528-14,CNGUB561-14,CNGUB529-14,CNGUB525-14,CNGUB548-14,CNGUC866-15,CNGUC868-15,CNGAC440-15,CNGUD811-15,CNGUD815-15,CNGAD568-15,CNGAD570-15,CNGUH004-15,CNGUI031-15,CNGUI007-15,CNGUJ022-15,CNGUJ037-15,CNGAJ146-15,CNGIE031-12,CNGIN278-13,CNGIN280-13
Hemiptera	Arthropoda	Insecta	Hemiptera	Cicadellidae	Typhlocybinae		Erythroneura	Erythroneura vulnerata	30	CNTIA1663-15,CNTIB028-15,CNTIB005-15,CNGBI1521-14,CNPPA332-12,CNPPA383-12,CNPPA1128-12,CNPPA2660-12,CNPPA2857-12,CNPPA2914-12,CNPPA3262-12,CNPPA3321-12,CNPPB961-12,CNPPB966-12,CNPPB967-12,CNPPB1468-12,CNPPB2117-12,CNPPE110-12,CNPPF144-12,CNPPF405-12,CNPPF440-12,CNPPF456-12,CNPPF483-12,CNPPF707-12,CNPPF924-12,CNPPF953-12,CNPPF978-12,CNPPF987-12,CNPPF1149-12,CNPPH057-12
Hemiptera	Arthropoda	Insecta	Hemiptera	Cicadellidae	Typhlocybinae		Empoasca	Empoasca fabae	33	CNPPA2940-12,CNPPA2996-12,CNPPA3012-12,CNPPB976-12,CNPPC353-12,CNPPC355-12,CNPPC382-12,CNPPC405-12,CNPPC620-12,CNPPC639-12,CNPPC648-12,CNPPC686-12,CNPPD117-12,CNPPD154-12,CNPPD349-12,CNPPD370-12,CNPPD412-12,CNPPD551-12,CNPPD563-12,CNPPD595-12,CNPPD730-12,CNPPD751-12,CNPPD752-12,CNPPD767-12,CNPPD812-12,CNPPD1403-12,CNPPD1671-12,CNPPE153-12,CNPPE568-12,CNPPG319-12,CNPPG567-12,CNPPJ1071-12,CNPPJ1141-12
Hemiptera	Arthropoda	Insecta	Hemiptera	Cicadellidae	Typhlocybinae		Erythroneura	Erythroneura elegans	30	CNTII101-15,CNGBB051-13,CNPPA1125-12,CNPPA1407-12,CNPPA1444-12,CNPPA2721-12,CNPPA3239-12,CNPPB1487-12,CNPPE117-12,CNPPE129-12,CNPPE531-12,CNPPE1573-12,CNPPE1611-12,CNPPF081-12,CNPPF136-12,CNPPF365-12,CNPPF372-12,CNPPF377-12,CNPPF443-12,CNPPF450-12,CNPPF477-12,CNPPF724-12,CNPPF957-12,CNPPF981-12,CNPPG338-12,CNPPG355-12,CNPPG368-12,CNPPG381-12,CNPPH088-12,CNPPJ1124-12
Hemiptera	Arthropoda	Insecta	Hemiptera	Cicadellidae	Typhlocybinae		Eratoneura	Eratoneura aculeata	30	CNRMA002-12,CNRMA008-12,CNRMA010-12,CNRMA013-12,CNRMA030-12,CNRMA035-12,CNRMA040-12,CNRMA056-12,CNRMA077-12,CNRMA083-12,CNRMA086-12,CNRMA088-12,CNRMA701-12,CNRMA713-12,CNRMA720-12,CNRMA721-12,CNRMA724-12,CNRMC054-12,CNRMC058-12,CNRMC065-12,CNRMC066-12,CNRMC122-12,CNRMC127-12,CNRMC717-12,CNRMC722-12,CNRMC736-12,CNRMD168-12,CNRMD182-12,CNRMD2479-12,CNRMD157-12
Hemiptera	Arthropoda	Insecta	Hemiptera	Cicadellidae	Deltocephalinae		Macrosteles	Macrosteles quadrilineatus	31	CNGSD9025-15,CNGSD9146-15,CNGSD9014-15,CNPPA1137-12,CNPPA1450-12,CNPPA2855-12,CNPPD397-12,CNPPD775-12,CNWLF023-12,CNWLG748-12,CNWLI016-12,CNWLJ158-12,CNRMB011-12,CNRMB015-12,CNRMB016-12,CNRMC1180-12,CNRMC1181-12,CNRMF1094-12,CNRMF1122-12,CNRMF2351-12,CNRMF2353-12,CNRMF2386-12,CNRMF2408-12,CNRMF2429-12,CNRMF4005-12,CNJAF1843-12,CNJAG1032-12,CNGRC086-12,CNGRD1201-12,CNGRE234-12,CNGRF437-12
Hemiptera	Arthropoda	Insecta	Hemiptera	Aphididae	Drepanosiphinae		Drepanosiphum	Drepanosiphum platanoidis	35	CNGIA048-12,CNGIA050-12,CNGIA053-12,CNGIA055-12,CNGIA057-12,CNGIA059-12,CNGIA060-12,CNGIA066-12,CNGIA068-12,CNGIA073-12,CNGIA076-12,CNGIB097-12,CNGIB098-12,CNGIB106-12,CNGIB109-12,CNGIB117-12,CNGIB125-12,CNGIB131-12,CNGIB133-12,CNGIB145-12,CNGIC159-12,CNGIC165-12,CNGIC176-12,CNGIC177-12,CNGIC179-12,CNGIC180-12,CNGIC183-12,CNGIC186-12,CNGIC188-12,CNGIN292-13,CNGIN268-13,CNGIN324-13,CNGIN300-13,CNGIN288-13,CNGIN269-13
Hemiptera	Arthropoda	Insecta	Hemiptera	Aphididae	Lachninae		Cinara	Cinara mariana	17	CNLMO659-14,CNLMO663-14,CNLMO670-14,CNLMO683-14,CNLMO686-14,CNLMO689-14,CNLMO690-14,CNLMO691-14,CNLMO696-14,CNLMO698-14,CNLMO699-14,CNLMO700-14,CNLMO706-14,CNMII003-14,CNPAH299-13,CNPAH300-13,CNPAH301-13
Hemiptera	Arthropoda	Insecta	Hemiptera	Cicadellidae	Eurymelinae		Idiocerus	Idiocerus lachrymalis	30	CNWLA063-12,CNWLA249-12,CNWLA255-12,CNWLA266-12,CNWLA286-12,CNWLA303-12,CNWLA659-12,CNWLB141-12,CNWLB164-12,CNWLB175-12,CNWLL169-13,CNWLD502-12,CNWLD505-12,CNWLD517-12,CNWLD532-12,CNRMB024-12,CNRMB037-12,CNRMB038-12,CNRMC148-12,CNRMC163-12,CNRMC175-12,CNRMC181-12,CNRMD207-12,CNRMD2461-12,CNRMD2462-12,CNRMD2466-12,CNRMD2473-12,CNRME5086-12,CNPAC635-13,CNWBB070-13
Hemiptera	Arthropoda	Insecta	Hemiptera	Cicadellidae	Deltocephalinae		Balclutha	Balclutha punctata	6	CNFNQ685-14,CNFNS1440-14,CNTNK138-14,CNGMJ049-14,CNWLJ149-12,CNRMD170-12
Hemiptera	Arthropoda	Insecta	Hemiptera	Cicadellidae	Typhlocybinae		Hymetta	Hymetta balteata	34	CNGBB081-13,CNPPA317-12,CNPPA405-12,CNPPA722-12,CNPPA740-12,CNPPA741-12,CNPPA742-12,CNPPA1074-12,CNPPA1080-12,CNPPA1084-12,CNPPA1093-12,CNPPA1098-12,CNPPA1126-12,CNPPA1429-12,CNPPA2685-12,CNPPA2864-12,CNPPA2865-12,CNPPA2905-12,CNPPA2975-12,CNPPA2980-12,CNPPA3001-12,CNPPA3013-12,CNPPA3015-12,CNPPA3031-12,CNPPA3232-12,CNPPB997-12,CNPPB1001-12,CNPPB1008-12,CNPPB1421-12,CNPPB1441-12,CNPPB1474-12,CNPPB1479-12,CNPPC1794-12,CNPPF457-12
Hemiptera	Arthropoda	Insecta	Hemiptera	Cicadellidae	Typhlocybinae		Erythroneura	Erythroneura tricincta	9	CNTIA001-15,CNGBB093-13,CNPPA370-12,CNPPA371-12,CNPPA384-12,CNPPA745-12,CNPPA3272-12,CNPPF496-12,CNPPG056-12
Hemiptera	Arthropoda	Insecta	Hemiptera	Flatidae	Flatinae		Metcalfa	Metcalfa pruinosa	30	CNGBF952-14,CNGBF1695-14,CNGBF1682-14,CNGBF1683-14,CNGBN3087-14,CNGBN1638-14,CNPPD2252-12,CNPPE1613-12,CNRON196-13,CNRON195-13,CNRON192-13,CNROE030-13,CNRGI001-15,CNSLN051-13,CNSLN047-13,CNSLN065-13,CNSLN072-13,CNSLD423-12,CNSLD424-12,CNSLO926-13,CNSLO942-13,CNSLE261-12,CNSLE263-12,CNSLE264-12,CNSLE265-12,CNSLF182-12,CNSLF919-12,CNGRB010-12,CNGRB011-12,CNGRB012-12
Hemiptera	Arthropoda	Insecta	Hemiptera	Aphididae	Chaitophorinae		Chaitophorus	Chaitophorus stevensis	28	CNWLI312-12,CNPAF078-13,CNPAF081-13,CNPAF505-13,CNPAF506-13,CNPAF523-13,CNPAF527-13,CNPAF529-13,CNPAF534-13,CNPAF539-13,CNPAF808-13,CNPAG214-13,CNPAG220-13,CNPAG227-13,CNPAG229-13,CNPAG243-13,CNPAG254-13,CNPAG276-13,CNPAG292-13,CNPAG293-13,CNPAG297-13,CNPAG298-13,CNPAG299-13,CNPAG300-13,CNPAH169-13,CNPAH269-13,CNPAH285-13,CNWBC492-13
Hemiptera	Arthropoda	Insecta	Hemiptera	Cicadellidae	Typhlocybinae		Forcipata	Forcipata loca	15	CNFNH007-14,CNTIC3925-15,CNTIH3114-15,CNPPB1477-12,CNPPC346-12,CNPPG588-12,CNPPH047-12,CNPPH055-12,CNPPI078-12,CNPPI079-12,CNPPJ1102-12,CNPPJ1103-12,CNSLK118-12,CNPRI003-15,CNBAD550-12
Hemiptera	Arthropoda	Insecta	Hemiptera	Aphrophoridae	Aphrophorinae		Philaenus	Philaenus spumarius	14	CNSIE1549-15,CNSIE1556-15,CNSIE1550-15,CNSIE1563-15,CNSIE1547-15,CNSIE1560-15,CNSIE1561-15,CNSIE1562-15,CNSIE1551-15,CNSIE1558-15,CNSIE1555-15,CNSIE1557-15,CNSIE1553-15,CNWBC080-13
Hemiptera	Arthropoda	Insecta	Hemiptera	Cicadellidae	Typhlocybinae		Typhlocyba	Typhlocyba pomaria	30	CNTII067-15,CNPPC360-12,CNPPC361-12,CNPPC378-12,CNPPC388-12,CNPPC390-12,CNPPC404-12,CNPPC624-12,CNPPC627-12,CNPPC634-12,CNPPC637-12,CNPPC649-12,CNPPC664-12,CNPPC667-12,CNPPC671-12,CNPPC672-12,CNPPC673-12,CNPPC674-12,CNPPC676-12,CNPPC684-12,CNPPC1922-12,CNPPD596-12,CNPPD618-12,CNPPI028-12,CNPPI047-12,CNPPI060-12,CNPPJ058-12,CNPPJ1073-12,CNPPJ1145-12,CNRMD176-12
Hemiptera	Arthropoda	Insecta	Hemiptera	Miridae	Mirinae		Phytocoris	Phytocoris neglectus	11	CNFND675-14,CNFNH1896-14,CNLMM002-14,CNKJK1570-14,CNGME036-14,CNFDM003-14,CNBRN106-14,CNRGP006-15,CNSLC446-12,CNBPC208-12,CNGIB138-12
Hemiptera	Arthropoda	Insecta	Hemiptera	Miridae	Mirinae		Phytocoris	Phytocoris eximius	6	CNROO050-13,CNBRD096-14,CNBRE313-14,CNSLD431-12,CNSLD439-12,CNBPI553-13
Hemiptera	Arthropoda	Insecta	Hemiptera	Aphididae	Chaitophorinae		Periphyllus	Periphyllus testudinaceus	6	CNBRN071-14,CNGIN249-13,CNGIN276-13,CNGIN284-13,CNGIN311-13,CNGIN271-13
Hemiptera	Arthropoda	Insecta	Hemiptera	Aphididae	Eriosomatinae		Eriosoma	Eriosoma americanum	26	CNWLH034-12,CNWLI309-12,CNWLJ165-12,CNWLJ166-12,CNWLJ173-12,CNRMC699-12,CNRMC700-12,CNRMC702-12,CNRMC704-12,CNRMC705-12,CNRMC706-12,CNRMC709-12,CNRMC710-12,CNRMC712-12,CNRMC714-12,CNRMC718-12,CNRMC732-12,CNRMC1176-12,CNRMC1177-12,CNRMC1178-12,CNRMC1194-12,CNRMC1195-12,CNRMD2502-12,CNRMD2519-12,CNRMH410-12,CNSLD418-12
Hemiptera	Arthropoda	Insecta	Hemiptera	Cicadellidae	Typhlocybinae		Erythridula	Erythridula wysongi	17	CNPPA374-12,CNPPB935-12,CNWLI017-12,CNWLI036-12,CNWLI039-12,CNWLI040-12,CNWLI048-12,CNWLI049-12,CNWLI052-12,CNWLJ155-12,CNWLJ161-12,CNWLJ171-12,CNWLJ172-12,CNWLJ174-12,CNRMA027-12,CNRMA031-12,CNPAA445-13
Hemiptera	Arthropoda	Insecta	Hemiptera	Acanthosomatidae	Acanthosomatinae		Elasmucha	Elasmucha lateralis	4	CNGMA921-13,CNFDH001-14,CNBRE314-14,CNBRP1340-14

Arachnida	Arthropoda	Arachnida	Araneae	Clubionidae			Clubiona	Clubiona canadensis	28	CNFNG199-14,CNMIM853-14,CNWLE2546-13,CNWLE2547-13,CNWLE2554-13,CNWLF003-12,CNRMD2871-13,CNRMF4170-13,CNFDR541-14,CNBRQ013-14,CNBRR218-14,CNYOB006-15,CNPAB299-13,CNPAB302-13,CNPAB310-13,CNPAB308-13,CNPAB311-13,CNPAD926-13,CNPAE468-13,CNPAF927-13,CNPAF929-13,CNPAG319-13,CNBPL259-13,CNBPQ354-13,CNBPQ358-13,CNBPH378-13,CNBPI538-13,CNBAD669-12
Arachnida	Arthropoda	Arachnida	Araneae	Theridiidae			Enoplognatha	Enoplognatha ovata	13	CNFNG227-14,CNFNG216-14,CNFNG207-14,CNFNG203-14,CNKJA339-14,CNRMA1104-12,CNRGK279-15,CNRGK280-15,CNRGK278-15,CNSLS001-13,CNPCB044-12,CNPCC035-12,CNPCD034-12
Arachnida	Arthropoda	Arachnida	Araneae	Linyphiidae			Pocadicnemis	Pocadicnemis americana	14	CNLMA476-14,CNLMS1016-14,CNGMJ622-14,CNRMC1689-12,CNRMD2819-12,CNFDM172-14,CNFDN298-14,CNFDN289-14,CNFDN295-14,CNFDN294-14,CNFDP721-14,CNFDQ363-14,CNPAE497-13,CNBPJ001-12
Arachnida	Arthropoda	Arachnida	Araneae	Philodromidae			Philodromus	Philodromus rufus	14	CNWLB644-12,CNRMA1106-12,CNRMG723-12,CNJAA910-12,CNJAJ006-12,CNSLC533-12,CNSLC537-12,CNPAB312-13,CNPAH369-13,CNBPA222-12,CNBPM115-13,CNBPI563-13,CNBPT149-13,CNBPT147-13
Arachnida	Arthropoda	Arachnida	Araneae	Agelenidae			Agelenopsis	Agelenopsis utahana	27	CNWLF002-12,CNRME5223-13,CNRME5225-13,CNRME5226-13,CNBRG453-14,CNJAE764-12,CNRGO019-15,CNRGO018-15,CNRGO014-15,CNRGO016-15,CNRGO015-15,CNRGP004-15,CNRGP005-15,CNRGG488-15,CNRGQ004-15,CNRGQ002-15,CNRGR003-15,CNSLE488-12,CNSLE489-12,CNSLG307-12,CNSLS002-13,CNSLT001-13,CNSLJ276-12,CNPAC646-13,CNBPE681-13,CNBPF441-13,CNBPG506-13
Arachnida	Arthropoda	Arachnida	Araneae	Linyphiidae			Grammonota	Grammonota pictilis	21	CNGMH624-14,CNGMI1296-14,CNGMI1297-14,CNRMC1580-12,CNFDN297-14,CNBRN312-14,CNBRS281-14,CNPAH376-13,CNBPK320-13,CNBPB516-12,CNBPB517-12,CNBPL260-13,CNBPM117-13,CNBPG394-12,CNBPH359-12,CNBPH361-12,CNBPH363-12,CNBPH364-12,CNBPS345-13,CNBPT143-13,CNWBG1011-13
Arachnida	Arthropoda	Arachnida	Opiliones	Phalangiidae			Phalangium	Phalangium opilio	14	CNGSF008-15,CNGSF007-15,CNGSF001-15,CNSID4224-15,CNSID4409-15,CNSID1706-15,CNSIF1857-15,CNJAE763-12,CNJAG1008-12,CNJAI007-12,CNWBG1002-13,CNWBG1005-13,CNGRK549-13,CNBAE241-12
Arachnida	Arthropoda	Arachnida	Araneae	Theridiidae			Rugathodes	Rugathodes sexpunctatus	12	CNGUD742-15,CNPRK416-15,CNPCA034-12,CNPCA035-12,CNPCA036-12,CNPCA039-13,CNPCB047-12,CNPCB048-12,CNPCC036-12,CNPCC037-12,CNPCC038-12,CNPCE147-13
Arachnida	Arthropoda	Arachnida	Araneae	Linyphiidae			Ceraticelus	Ceraticelus atriceps	7	CNKLH173-15,CNBRR477-14,CNYOM111-15,CNYOM108-15,CNYOM109-15,CNYOM110-15,CNWBH1140-13
Arachnida	Arthropoda	Arachnida	Opiliones	Sclerosomatidae			Leiobunum	Leiobunum ventricosum	17	CNRGK612-15,CNRGK602-15,CNRGK608-15,CNRGK607-15,CNRGK609-15,CNRGK618-15,CNRGK604-15,CNRGK603-15,CNRGK611-15,CNRGK616-15,CNRGK606-15,CNRGK610-15,CNRGK617-15,CNRGK605-15,CNRGB171-15,CNRGB172-15,CNRGT004-15
Arachnida	Arthropoda	Arachnida	Araneae	Tetragnathidae			Tetragnatha	Tetragnatha shoshone	13	CNGBN2766-14,CNPPE2322-12,CNPPF1467-12,CNPPF1468-12,CNPPH1173-12,CNSLA293-12,CNSLN003-13,CNSLN004-13,CNSLD641-12,CNPAK001-13,CNPAD927-13,CNPAF957-13,CNBPD664-13
Arachnida	Arthropoda	Arachnida	Araneae	Clubionidae			Clubiona	Clubiona obesa	11	CNGBD136-13,CNSLM003-13,CNSLM005-13,CNSLM001-13,CNSLC545-12,CNSLC546-12,CNSLN005-13,CNSLD640-12,CNSLD642-12,CNSLD643-12,CNSLI534-12
Arachnida	Arthropoda	Arachnida	Trombidiformes	Arrenuridae			Arrenurus	Arrenurus wardi	7	CNGBG2106-14,CNGBG1877-14,CNGBG2091-14,CNGBG2107-14,CNGBG2093-14,CNGBG2116-14,CNGBO968-14
Arachnida	Arthropoda	Arachnida	Araneae	Dictynidae			Emblyna	Emblyna sublata	8	CNGBK1573-14,CNGBD527-13,CNSLB457-12,CNSLQ083-13,CNSLG289-12,CNSLG298-12,CNSLH170-12,CNSLH172-12
Arachnida	Arthropoda	Arachnida	Araneae	Clubionidae			Clubiona	Clubiona moesta	14	CNGMH631-14,CNWLB647-13,CNWLB762-13,CNWLD1162-13,CNWLE2559-13,CNWLM121-13,CNWLF005-12,CNRMB232-12,CNRMB233-12,CNRMD2869-13,CNRMF3847-12,CNPAC615-13,CNWBD026-13,CNGRF423-12

Collembola	Arthropoda	Collembola	Entomobryomorpha	Entomobryidae	Entomobryinae		Entomobrya	Entomobrya nivalis	31	CNFNG1542-14,CNFNN611-14,CNFNN586-14,CNMIH2363-14,CNGMI1343-14,CNWLD1077-13,CNWLD1105-13,CNRMB167-12,CNRMB174-12,CNRMC1556-12,CNRMC1588-12,CNRMD2712-12,CNRME4842-12,CNRMF3393-12,CNRMF3404-12,CNRMG659-12,CNRMH170-12,CNFDG421-14,CNJAD1761-12,CNJAE919-12,CNJAE931-12,CNJAF1871-12,CNJAF1878-12,CNSLG106-12,CNSLK032-12,CNBPG459-12,CNBAD638-12,CNBAD641-12,CNBAD652-12,CNBAE221-12,CNBAF184-12
Collembola	Arthropoda	Collembola	Entomobryomorpha	Entomobryidae	Entomobryinae		Entomobrya	Entomobrya atrocincta	39	CNLMD2162-14,CNFDG409-14,CNSLA305-12,CNSLC571-12,CNSLE511-12,CNSLE522-12,CNSLI034-12,CNSLK043-12,CNBPB319-12,CNBPC024-12,CNBPC048-12,CNBPC129-12,CNBPC133-12,CNBPC160-12,CNBPC185-12,CNBPM169-13,CNBPD168-12,CNBPD530-12,CNBPE624-12,CNBPP108-13,CNBPP110-13,CNBPG220-12,CNBPG230-12,CNBPG236-12,CNBPG249-12,CNBPG495-12,CNBPQ369-13,CNBPQ400-13,CNBPH176-12,CNBPH181-12,CNBPI461-12,CNBPI475-12,CNBPI489-12,CNBPI511-12,CNBPJ063-12,CNBPJ066-12,CNBPJ261-13,CNBPJ265-13,CNBPJ277-13
Collembola	Arthropoda	Collembola	Entomobryomorpha	Entomobryidae	Entomobryinae		Entomobrya	Entomobrya assuta	30	CNTIJ681-15,CNGBF1660-14,CNGBF1663-14,CNPPA4169-12,CNPPA4172-12,CNPPA4175-12,CNPPA4190-12,CNPPB2335-12,CNPPC1963-12,CNPPC1966-12,CNPPC1972-12,CNPPD2627-12,CNPPD2682-12,CNPPD2683-12,CNPPE1392-12,CNPPE1397-12,CNPPF1281-12,CNPPH834-12,CNPPH849-12,CNPPH877-12,CNPPH882-12,CNPPH883-12,CNPPI1773-12,CNPPI1775-12,CNPPI1780-12,CNPPI1807-12,CNPPI1828-12,CNBRR464-14,CNSLC570-12,CNSLG101-12
Collembola	Arthropoda	Collembola	Entomobryomorpha	Entomobryidae	Lepidocyrtinae		Lepidocyrtus	Lepidocyrtus paradoxus	22	CNTID4807-15,CNTIG1355-15,CNTIG1900-15,CNTIG1897-15,CNTIG1909-15,CNTIG1912-15,CNTIG1899-15,CNGBO1049-14,CNSLD665-12,CNSLF630-12,CNSLF634-12,CNSLF642-12,CNSLG110-12,CNSLI036-12,CNSLI040-12,CNSLJ402-12,CNSLK028-12,CNSLK045-12,CNSLK057-12,CNSLK063-12,CNSLK064-12,CNSLK066-12
Collembola	Arthropoda	Collembola	Entomobryomorpha	Entomobryidae	Entomobryinae		Entomobrya	Entomobrya multifasciata	32	CNPPE1405-12,CNPPE1421-12,CNPPE1424-12,CNPPE1426-12,CNPPG477-12,CNPPG482-12,CNPPH826-12,CNPPH830-12,CNPPH831-12,CNPPH844-12,CNPPH852-12,CNPPH868-12,CNPPH873-12,CNPPH879-12,CNPPH881-12,CNPPH884-12,CNPPI1778-12,CNPPI1806-12,CNPPI1808-12,CNPPI1820-12,CNPPI1830-12,CNPPI1833-12,CNPPJ1058-12,CNPPJ1060-12,CNPPJ1061-12,CNSID2214-15,CNSID2213-15,CNSID2231-15,CNSID2227-15,CNSID2203-15,CNSIE2510-15,CNSIE1298-15
Collembola	Arthropoda	Collembola	Entomobryomorpha	Entomobryidae	Entomobryinae		Entomobrya	Entomobrya gisini	30	CNNHC3199-14,CNNHC3180-14,CNNHC3240-14,CNNHC3231-14,CNNHC3250-14,CNNHG2391-14,CNNHG2416-14,CNNHG2399-14,CNNHG2401-14,CNNHG2398-14,CNJAA861-12,CNJAA863-12,CNJAB162-12,CNJAB168-12,CNJAC1136-12,CNJAC1474-12,CNJAD1685-12,CNJAD1725-12,CNJAD1749-12,CNJAD1766-12,CNJAE1101-12,CNJAE1108-12,CNJAF1616-12,CNJAG1075-12,CNJAG1728-12,CNPAC643-13,CNBAD665-12,CNBAE222-12,CNBAE276-12,CNBAE278-12
Collembola	Arthropoda	Collembola	Entomobryomorpha	Entomobryidae	Entomobryinae		Entomobrya	Entomobrya comparata	30	CNKLC2338-14,CNKLD1812-14,CNRMG656-12,CNRVD1713-15,CNRVF835-15,CNRVF842-15,CNRVF855-15,CNRVF595-15,CNRVF844-15,CNRVF849-15,CNRVF884-15,CNRVG2743-15,CNRVG2754-15,CNKTG3148-15,CNKTG3089-15,CNKTG3128-15,CNKTG3112-15,CNKTG3151-15,CNKTG3132-15,CNBFH479-15,CNBFH478-15,CNBFH470-15,CNPAE412-13,CNPAF561-13,CNPAF963-13,CNPAG323-13,CNPAH381-13,CNPAH385-13,CNBAA436-12,CNBAB363-12
Collembola	Arthropoda	Collembola	Entomobryomorpha	Entomobryidae	Lepidocyrtinae		Lepidocyrtus	Lepidocyrtus cyaneus	29	CNWLD1081-13,CNWLM272-13,CNFDN233-14,CNFDN230-14,CNFDN232-14,CNFDN234-14,CNFDO859-14,CNFDG397-14,CNFDG398-14,CNFDQ262-14,CNFDR451-14,CNSID2217-15,CNSIE2531-15,CNSIE2511-15,CNSIE2533-15,CNSIE1271-15,CNSIE2508-15,CNSIE1283-15,CNSIE1278-15,CNSIE2548-15,CNJAB1037-12,CNYOM178-15,CNYOM195-15,CNYOM192-15,CNYOM188-15,CNYOM194-15,CNYOO276-15,CNBAF190-12,CNBAF193-12
Collembola	Arthropoda	Collembola	Entomobryomorpha	Entomobryidae	Entomobryinae		Entomobrya	Entomobrya intermedia	8	CNGUC1036-15,CNGUD771-15,CNGUD795-15,CNGUD796-15,CNGUD804-15,CNGUE483-15,CNGUE488-15,CNGAE773-15
Collembola	Arthropoda	Collembola	Entomobryomorpha	Tomoceridae	Tomocerinae		Tomocerus	Tomocerus minor	26	CNFNM291-14,CNFNE2574-14,CNFNE2583-14,CNFNE2576-14,CNFNR3622-14,CNFNR3660-14,CNFNR3657-14,CNFNS1375-14,CNFNG1525-14,CNFNG1546-14,CNFNG1502-14,CNFNG1553-14,CNFNG1514-14,CNFNG1500-14,CNFNG1529-14,CNFNG1554-14,CNFNN602-14,CNFNN582-14,CNFNN581-14,CNFNN603-14,CNFNN601-14,CNFNJ288-14,CNBRP1983-14,CNBRP1995-14,CNBRR438-14,CNBRS262-14
Collembola	Arthropoda	Collembola	Entomobryomorpha	Entomobryidae	Lepidocyrtinae		Lepidocyrtus	Lepidocyrtus lignorum	9	CNGUD805-15,CNPAB306-13,CNPAC640-13,CNPAD916-13,CNPAD918-13,CNPAE408-13,CNPAF565-13,CNPAF568-13,CNPAF571-13
Collembola	Arthropoda	Collembola	Symphypleona	Sminthuridae	Sminthurinae		Allacma	Allacma fusca	15	CNFNE2575-14,CNFNE2572-14,CNFNE2568-14,CNFNR3642-14,CNFNR3651-14,CNFNS1387-14,CNFNG1537-14,CNFNG1548-14,CNFNN624-14,CNFNN598-14,CNFNN612-14,CNFNN623-14,CNFDN247-14,CNFDR432-14,CNFDR433-14

